{
  "assetsByChunkName": {
    "path---board-and-officers": [
      "path---board-and-officers-a0e39f21c11f6a62c5ab.js",
      "path---board-and-officers-a0e39f21c11f6a62c5ab.js.map"
    ],
    "component---src-pages-board-and-officers-js": [
      "component---src-pages-board-and-officers-js-31c538d42a4b437898cf.js",
      "component---src-pages-board-and-officers-js-31c538d42a4b437898cf.js.map"
    ],
    "path---our-company": [
      "path---our-company-11c1f153feedff6ca915.js",
      "path---our-company-11c1f153feedff6ca915.js.map"
    ],
    "component---src-pages-index-js": [
      "component---src-pages-index-js-b58ad496b153b64f3560.js",
      "component---src-pages-index-js-b58ad496b153b64f3560.js.map"
    ],
    "component---src-pages-financial-highlights-js": [
      "component---src-pages-financial-highlights-js-fb050668746956526c79.js",
      "component---src-pages-financial-highlights-js-fb050668746956526c79.js.map"
    ],
    "path---letter-to-shareholders": [
      "path---letter-to-shareholders-99b033ef0d62aa13b882.js",
      "path---letter-to-shareholders-99b033ef0d62aa13b882.js.map"
    ],
    "component---src-pages-letter-to-shareholders-js": [
      "component---src-pages-letter-to-shareholders-js-83b06e65eea298157215.js",
      "component---src-pages-letter-to-shareholders-js-83b06e65eea298157215.js.map"
    ],
    "path---": [
      "path----1a610a9ad25bfc6e1ea5.js",
      "path----1a610a9ad25bfc6e1ea5.js.map"
    ],
    "path---global-operations": [
      "path---global-operations-7ff29dbc5fa41550d74c.js",
      "path---global-operations-7ff29dbc5fa41550d74c.js.map"
    ],
    "path---financial-highlights": [
      "path---financial-highlights-133ce3bf7eb91c198263.js",
      "path---financial-highlights-133ce3bf7eb91c198263.js.map"
    ],
    "component---src-layouts-index-js": [
      "component---src-layouts-index-js-2d2c22c21d5080f172b1.js",
      "component---src-layouts-index-js-2d2c22c21d5080f172b1.js.map"
    ],
    "component---src-pages-our-company-js": [
      "component---src-pages-our-company-js-80f68cabd6a50aa3904c.js",
      "component---src-pages-our-company-js-80f68cabd6a50aa3904c.js.map"
    ],
    "component---src-pages-global-operations-js": [
      "component---src-pages-global-operations-js-333cbfa754ce0d5ca14f.js",
      "component---src-pages-global-operations-js-333cbfa754ce0d5ca14f.js.map"
    ],
    "path---index": [
      "path---index-a0e39f21c11f6a62c5ab.js",
      "path---index-a0e39f21c11f6a62c5ab.js.map"
    ],
    "path---sustainability": [
      "path---sustainability-4b817600779cbce4fadd.js",
      "path---sustainability-4b817600779cbce4fadd.js.map"
    ],
    "component---src-pages-sustainability-js": [
      "component---src-pages-sustainability-js-fb8328c5bcd67c3aea22.js",
      "component---src-pages-sustainability-js-fb8328c5bcd67c3aea22.js.map"
    ],
    "component---src-pages-404-js": [
      "component---src-pages-404-js-4503918ea3a16cfcdb75.js",
      "component---src-pages-404-js-4503918ea3a16cfcdb75.js.map"
    ],
    "commons": [
      "commons-403258ad126d5c26671b.js",
      "commons-403258ad126d5c26671b.js.map"
    ],
    "path---404-html": [
      "path---404-html-a0e39f21c11f6a62c5ab.js",
      "path---404-html-a0e39f21c11f6a62c5ab.js.map"
    ],
    "app": [
      "app-815f01c1e7485ef01277.js",
      "app-815f01c1e7485ef01277.js.map"
    ],
    "path---404": [
      "path---404-a0e39f21c11f6a62c5ab.js",
      "path---404-a0e39f21c11f6a62c5ab.js.map"
    ]
  }
}